name,nationality,countryCode,dob
Jacob Abel,United States,us,
Jonathan Adam,United Kingdom,gb,1984-09-04
Jonny Adam,United Kingdom,gb,1984-09-04
Nick Adcock,South Africa,za,
Adam Adelson,United States,us,
Driver A,United Kingdom,gb,
Riccardo Agostini,Italy,it,
Ian Aguilera,United Kingdom,gb,
Jack Aitken,United Kingdom,gb,1995-09-23
Alex Aka,Germany,de,
Abdulla Ali Al-Khelaifi,Qatar,qa,
Filipe Albuquerque,Portugal,pt,
James Allen,Australia,au,
Giacomo Altoè,Italy,it,
Jenson Altzman,United States,us,
Sebastian Alvarez,Mexico,mx,
David Andersen,Switzerland,ch,
Harry Andersen,Australia,au,
Martin Andersen,Poland,pl,
Oliver Andersen,United States,us,
Julien Andlauer,France,fr,
Rui Andrade,Angola,ao,
Scott Andrews,Australia,au,
Mathis Angelard,France,fr,
Roman De Angelis,Canada,ca,
Quentin Antonel,France,fr,
Alexander Au,Hong Kong,hk,
Antares Au,Hong Kong,hk,
Lucas Auer,Austria,at,1994-09-11
Sebastian Aust,Germany,de,
Gonzalo Gómez Azza,Spain,es,
Sebastian Bach,Denmark,dk,
Alex Bakker,Switzerland,ch,
Daniel Bakker,Japan,jp,
Julien Bakker,Canada,ca,
Louis Bakker,Germany,de,
Luca Bakker,France,fr,
Max Bakker,Netherlands,nl,
Robin Bakker,Denmark,dk,
Sebastian Bakker,Spain,es,
Albert Costa Balboa,Spain,es,
Earl Bamber,New Zealand,nz,1990-07-09
Bankcy,Japan,jp,
Ido Barashi,Israel,il,
Ben Barker,United Kingdom,gb,
Ben Barnicoat,United Kingdom,gb,1996-12-20
Dudu Barrichello,Brazil,br,
Eduardo Barrichello,Brazil,br,
Sébastien Baud,France,fr,
Driver B,United States,us,
Till Bechtolsheimer,United States,us,
Matt Bell,United Kingdom,gb,
Matthew Richard Bell,United Kingdom,gb,
Chris Bennett,United States,us,
Daniel Bennett,United Kingdom,gb,
Julien Bennett,Belgium,be,
Louis Bennett,Germany,de,
Luca Bennett,France,fr,
Max Bennett,Poland,pl,
Robin Bennett,Finland,fi,
Simon Bennett,South Africa,za,
Mackenzie Berry,United States,us,
Martin Berry,Australia,au,
René Binder,Austria,at,
Michael Birch,United Kingdom,gb,
Tom Blomqvist,United Kingdom,gb,1993-11-30
Timur Boguslavskiy,Russia,ru,
Marco Bonanomi,Italy,it,
Sébastien Bourdais,France,fr,1979-02-28
C. Bovet,Switzerland,ch,
Wayne Boyd,United Kingdom,gb,
Colin Braun,United States,us,
Wyatt Brichacek,United States,us,
Daniel Brown,United Kingdom,gb,
Julien Brown,Belgium,be,
Luca Brown,Austria,at,
Robin Brown,Denmark,dk,
Sébastien Buemi,Switzerland,ch,1988-10-31
Alexander Bukhantsov,United Arab Emirates,ae,
Jenson Button,United Kingdom,gb,1980-01-19
Klaus Bächler,Austria,at,1991-07-27
Cem Bölükbaşı,Turkey,tr,
Laura Bühler,Switzerland,ch,
Matteo Cairoli,Italy,it,1996-06-01
James Calado,United Kingdom,gb,1989-06-13
Andrea Caldarelli,Italy,it,
Sergio Sette Camara,Brazil,br,
Dane Cameron,United States,us,1988-10-18
Duncan Cameron,United Kingdom,gb,
Matt Campbell,Australia,au,1995-02-17
Matthew Campbell,Australia,au,
Tom Canning,United Kingdom,gb,
Jules Caranta,France,fr,
Nick Cassidy,New Zealand,nz,
Francesco Castellacci,Italy,it,
Nicky Catsburg,Netherlands,nl,1988-02-15
José Fernandes Cautela,Portugal,pt,
Driver C,France,fr,
Nicolas Lopez Cesaratto,France,fr,
Jamie Chadwick,United Kingdom,gb,
Harrison Chance,United Kingdom,gb,
Paul-Loup Chatin,France,fr,1991-10-19
Henrique Chaves,Portugal,pt,1997-08-21
Chun Ting Chou,Taiwan,tw,
Michael Christensen,Denmark,dk,1990-08-28
Chris Clark,Oman,om,
Jeremy Clarke,United States,us,
Julien Clark,Canada,ca,
Louis Clark,Portugal,pt,
Luca Clark,Austria,at,
Max Clark,Netherlands,nl,
Robin Clark,Denmark,dk,
Sebastian Clark,Australia,au,
Simon Clark,Brazil,br,
Adrien Closmenil,France,fr,
Valentin Hasse Clot,France,fr,
Emmanuel Collard,France,fr,1971-04-03
Josep Mayola Comadira,Spain,es,
Mike Conway,United Kingdom,gb,1983-08-19
António Félix da Costa,Portugal,pt,1991-08-31
Ben Costa,Belgium,be,
David Costa,Switzerland,ch,
Giorgio Costa,Denmark,dk,
Harry Costa,Australia,au,
Lucas Costa,Austria,at,
Nico Costa,United Kingdom,gb,
James Cottingham,United Kingdom,gb,
Joel Cottingham,United Kingdom,gb,
Alessandro Cozzi,Italy,it,
Matteo Cressoni,Italy,it,
Lorenzo Fluxá Cross,Spain,es,
Ryan Cullen,United Kingdom,gb,
Christopher Cumming,Canada,ca,
Hadrien David,France,fr,
Driver D,Italy,it,
Derek DeBoer,United States,us,
Douwe Dedecker,Belgium,be,
Louis Deletraz,Switzerland,ch,
Patrick Dempsey,United States,us,
Luis Felipe Derani,Brazil,br,
Pipo Derani,Brazil,br,1993-10-12
Tom Dillmann,France,fr,
Scott Dixon,New Zealand,nz,
Mackenzie Dodds,United Kingdom,gb,
Eric De Doncker,Belgium,be,
Eliseo Donno,Italy,it,
Indy Dontje,Netherlands,nl,1992-11-21
Jack Doohan,Australia,au,2003-01-20
Graham Doyle,United States,us,
Dorian Droux,Switzerland,ch,
Mattia Drudi,Italy,it,1998-07-16
David Dubois,Switzerland,ch,
Ethan Dubois,Germany,de,
Felix Dubois,Brazil,br,
Harry Dubois,Spain,es,
Lucas Dubois,France,fr,
Martin Dubois,Netherlands,nl,
Nico Dubois,Japan,jp,
Oliver Dubois,United States,us,
Loïc Duval,France,fr,1982-06-12
Charlie Eastwood,Ireland,ie,1995-08-11
Jonny Edgar,United Kingdom,gb,
Driver E,Switzerland,ch,
Huub van Eijndhoven,Netherlands,nl,
Philip Ellis,Switzerland,ch,1992-10-09
Maro Engel,Germany,de,1985-08-27
Philipp Eng,Austria,at,
Max Esterson,United States,us,
Kévin Estre,France,fr,1988-10-28
Ben Evans,Canada,ca,
David Evans,Italy,it,
Felix Evans,Brazil,br,
Giorgio Evans,Denmark,dk,
Harry Evans,Australia,au,
Lucas Evans,Austria,at,
Martin Evans,Netherlands,nl,
Oliver Evans,Oman,om,
John Falb,United States,us,
John Farano,Canada,ca,
Augusto Farfus,Brazil,br,1983-09-03
Romain Favre,France,fr,
Philip Fayer,Canada,ca,
Driver F,France,fr,
Lorenzo Fecury,Brazil,br,
Lucas Fecury,Brazil,br,
Horst Felbermayr,Austria,at,
Horst Felix Felbermayr,Austria,at,
Ricardo Feller,Switzerland,ch,
Andrew Ferguson,United Kingdom,gb,
Frédéric Fernandez-Laser,Germany,de,
Lorenzo Ferrari,Italy,it,
Orey Fidani,Canada,ca,
Jon Field,United States,us,
Mason Filippi,United States,us,
Andrea Fischer,Finland,fi,
Arthur Fischer,Canada,ca,
Marco Fischer,France,fr,
Romain Fischer,Japan,jp,
Pietro Fittipaldi,Brazil,br,1996-06-25
Anders Fjordbach,Denmark,dk,
Tom Fleming,United Kingdom,gb,
Thomas Flohr,Switzerland,ch,
Lorenzo Fluxa,Spain,es,
Robby Foley,United States,us,
Arthur Fontana,Belgium,be,
Jack Fontana,United States,us,
Marco Fontana,Austria,at,
Matteo Fontana,Switzerland,ch,
Romain Fontana,United Kingdom,gb,
Tom Fontana,Australia,au,
Danny Formal,Costa Rica,cr,
Marius Fossard,Andorra,ad,
Felipe Fraga,Brazil,br,
Manny Franco,United States,us,
Kaylen Frederick,United States,us,
Robin Frijns,Netherlands,nl,1991-08-07
Danial Frost,Singapore,sg,
David Fumanelli,Italy,it,
Antonio Fuoco,Italy,it,1996-05-20
Simon Gachet,France,fr,
Patrick Gallagher,United States,us,
Tom Gamble,United Kingdom,gb,
Andrea Garcia,Denmark,dk,
Arthur Garcia,Belgium,be,
Marco Garcia,Austria,at,
Matteo Garcia,Italy,it,
Rafael Garcia,Netherlands,nl,
Romain Garcia,United Kingdom,gb,
Antonio García,Spain,es,1980-06-05
Bijoy Garg,United States,us,
Stefano Gattuso,United States,us,
Driver G,United Kingdom,gb,
Finn Gehrsitz,Germany,de,
Florian Gehrsitz,Germany,de,
Tijmen Gerhards,Netherlands,nl,
Reshad de Gerus,France,fr,
Luca Ghiotto,Italy,it,
Andrew Gilbert,United Arab Emirates,ae,
Antonio Giovinazzi,Italy,it,1993-12-14
Christoph Gisy,Switzerland,ch,
Jean Glorieux,Belgium,be,
Benjamin Goethe,Germany,de,
Mikhail Goikhberg,Canada,ca,
Dan Goldburg,United States,us,
Jules Gounon,France,fr,1994-12-31
Sebastian Gravlund,Denmark,dk,
Oliver Gray,United Kingdom,gb,
Ben Green,United Kingdom,gb,
Matthew Griffin,Ireland,ie,
Alessandro Pier Guidi,Italy,it,1983-12-18
Ross Gunn,United Kingdom,gb,
Maximilian Götz,Germany,de,1986-02-04
Ayhancan Güven,Turkey,tr,
Christopher Haase,Germany,de,1987-09-26
Ferdinand Habsburg,Austria,at,1997-06-21
L. Hamilton-Smith,United Kingdom,gb,
Lorcan Hanafin,United Kingdom,gb,
Joey Hand,United States,us,
Ben Hanley,United Kingdom,gb,1985-01-22
Benjamin Hanley,United Kingdom,gb,
Jack Hansen,Oman,om,
Marco Hansen,Austria,at,
Mathieu Hansen,Brazil,br,
Matteo Hansen,Italy,it,
Nick Hansen,Portugal,pt,
Rafael Hansen,Poland,pl,
Tom Hansen,Australia,au,
Julian Hanses,Germany,de,
Phil Hanson,United Kingdom,gb,1999-07-05
Philip Hanson,United Kingdom,gb,
David Heinemeier Hansson,Denmark,dk,
Ryan Hardwick,United States,us,
Dan Harper,United Kingdom,gb,
Ahmad Al Harthy,Oman,om,
Jason Hart,United States,us,
Brendon Hartley,New Zealand,nz,1989-11-10
Jack Hawksworth,United Kingdom,gb,
Driver H,Canada,ca,
Henrik Hedman,Sweden,se,
Laurin Heinrich,Germany,de,2001-09-26
Tijmen van der Helm,Netherlands,nl,
Gillian Henrion,France,fr,
François Heriau,France,fr,
Marlon Hernandez,France,fr,
Colton Herta,United States,us,
Max Hesse,Germany,de,
Jan Heylen,Belgium,be,
Trent Hindman,United States,us,
Ryo Hirakawa,Japan,jp,1994-03-07
Lin Hodenius,Netherlands,nl,
Martin Hove,Denmark,dk,
Jake Hughes,United Kingdom,gb,
Finlay Hutchison,United Kingdom,gb,
PJ Hyett,United States,us,
Laurents Hörr,Germany,de,
Driver I,Spain,es,
Louis Iglesias,France,fr,
Ricardo Acosta III,United States,us,
Scott Huffaker II,United States,us,
Mikkel Kristensen Illan,Denmark,dk,
Callum Ilott,United Kingdom,gb,
Thomas Imbourg,France,fr,
Lorenzo Innocenti,Italy,it,
Brendan Iribe,United States,us,
Ethan Ischer,Switzerland,ch,
Alex Jacoby,Luxembourg,lu,
Alexander Jacoby,Brazil,br,
Malthe Jakobsen,Denmark,dk,
Ian James,United Kingdom,gb,
Mathieu Jaminet,France,fr,1994-10-24
Mex Jansen,Netherlands,nl,
Oliver Jarvis,United Kingdom,gb,
Mathys Jaubert,France,fr,
Driver J,Germany,de,
Michael Jensen,Denmark,dk,
Mikkel Jensen,Denmark,dk,1994-12-31
Theodor Jensen,Denmark,dk,
Alex Johansson,Switzerland,ch,
Chris Johansson,United States,us,
Daniel Johansson,Japan,jp,
Julien Johansson,Canada,ca,
Max Johansson,Poland,pl,
Robin Johansson,Finland,fi,
Nikita Johnson,United States,us,
Dani Juncadella,Spain,es,1991-05-07
Daniel Juncadella,Spain,es,1991-05-07
Christian Dannemand Jørgensen,Denmark,dk,
Matthias Kaiser,Switzerland,ch,
William Karlsson,Sweden,se,
Narain Karthikeyan,India,in,1977-01-14
Driver K,Belgium,be,
Ben Keating,United States,us,1971-08-18
Lars Kern,Germany,de,
Takeshi Kimura,Japan,jp,
Harry King,United Kingdom,gb,
Marvin Kirchhöfer,Germany,de,1994-03-19
Kyle Kirkwood,United States,us,
Andrea Klein,Finland,fi,
Arthur Klein,Belgium,be,
Marco Klein,France,fr,
Matteo Klein,Italy,it,
Nick Klein,Portugal,pt,
Rafael Klein,Poland,pl,
Romain Klein,United Kingdom,gb,
Tom Klein,Australia,au,
Jens Klingmann,Germany,de,1990-07-16
Kamui Kobayashi,Japan,jp,1986-09-13
Kenton Koch,United States,us,
Rik Koen,Netherlands,nl,
Georgios Kolovos,Greece,gr,
Rene Krahn,Germany,de,
Oliver Kristensen,Denmark,dk,
Robert Kubica,Poland,pl,1984-12-07
Akhil Kumar,India,in,
George Kurtz,United States,us,
Matt Kurzejewski,United States,us,
Daniil Kvyat,Russia,ru,1994-04-26
Paul Lafargue,France,fr,
Paul Lanchere,France,fr,
Ben Laurent,Belgium,be,
Ethan Laurent,Germany,de,
Felix Laurent,South Africa,za,
Giorgio Laurent,Finland,fi,
Lucas Laurent,France,fr,
Martin Laurent,Poland,pl,
Oliver Laurent,United States,us,
Conrad Laursen,Denmark,dk,
Fabien Lavergne,France,fr,
Driver L,Italy,it,
Andrea Lefebvre,Denmark,dk,
Arthur Lefebvre,Canada,ca,
Jack Lefebvre,Oman,om,
Marco Lefebvre,Austria,at,
Mathieu Lefebvre,Brazil,br,
Nick Lefebvre,Portugal,pt,
Rafael Lefebvre,Netherlands,nl,
Romain Lefebvre,Japan,jp,
Kriton Lentoudis,Greece,gr,
Romain Leroux,France,fr,
Darren Leung,United Kingdom,gb,
Giacomo Levorato,Italy,it,
Richard Lietz,Austria,at,1983-12-17
Peder Lindberg,Denmark,dk,
Kelvin van der Linde,South Africa,za,1996-06-20
Sheldon van der Linde,South Africa,za,1999-05-13
Rasmus Lindh,Sweden,se,
Joseph Loake,United Kingdom,gb,
Vladislav Lomko,France,fr,
André Lotterer,Germany,de,1981-11-19
Seth Lucas,United States,us,
Tobi Lutke,Canada,ca,
Alex Lynn,United Kingdom,gb,1993-09-17
José María López,Argentina,ar,1983-04-26
Dean MacDonald,United Kingdom,gb,
Dean MacDonald,United Kingdom,gb,
Dillon Machavern,United States,us,
Louis Machiels,Belgium,be,
Kevin Magnussen,Denmark,dk,1992-10-05
Frédéric Makowiecki,France,fr,1980-11-22
Simon Mann,United States,us,
Raffaele Marciello,Switzerland,ch,1994-12-17
Alex Martin,Italy,it,
Chris Martin,Oman,om,
Guillem de Andres Martin,Spain,es,
Max Martin,Netherlands,nl,
Maxime Martin,Belgium,be,1986-03-20
Sebastian Martin,Spain,es,
Victor Martins,France,fr,
Giovanni Maschio,Italy,it,
Esteban Masson,France,fr,
Clément Mateu,France,fr,
Alexander Mattschull,Germany,de,
Ben McDonald,United States,us,
Blake McDonald,United States,us,
Hunter McElrea,Australia,au,
Alasdair McIntosh,Canada,ca,
Robert Megennis,United States,us,
Sami Meguetounif,France,fr,
Ralph Meichtry,Switzerland,ch,
Ben Meyer,Canada,ca,
David Meyer,Switzerland,ch,
Ethan Meyer,Germany,de,
Felix Meyer,Brazil,br,
Giorgio Meyer,Denmark,dk,
Harry Meyer,Spain,es,
Lucas Meyer,Austria,at,
Martin Meyer,Netherlands,nl,
Nico Meyer,Japan,jp,
Rafael Meyuhas,Israel,il,
Fabien Michal,France,fr,
Christopher Mies,Germany,de,1989-05-24
Charles Milesi,France,fr,2001-03-04
Ollie Millroy,United Kingdom,gb,
Tommy Milner,United States,us,
Sandy Mitchell,United Kingdom,gb,
Miguel Molina,Spain,es,1989-02-17
Sheena Monk,United States,us,
Frankie Montecalvo,United States,us,
Lorenzo Morano,Italy,it,
Andrea Moreau,Finland,fi,
Arthur Moreau,Canada,ca,
Jack Moreau,United States,us,
Matteo Moreau,Switzerland,ch,
Rafael Moreau,Poland,pl,
Tom Moreau,Australia,au,
Sebastián Moreno,Mexico,mx,
Max Moritz,Germany,de,
Jens Reno Møller,Denmark,dk,
Ben Müller,Belgium,be,
David Müller,Italy,it,
Giorgio Müller,Denmark,dk,
Martin Müller,Netherlands,nl,
Nico Müller,United Kingdom,gb,
Oliver Müller,Oman,om,
Ameerh Naran,United Kingdom,gb,
Felipe Nasr,Brazil,br,1992-08-21
Norman Nato,France,fr,1992-07-08
Gray Newell,United States,us,
Andrea Nielsen,Denmark,dk,
Marco Nielsen,France,fr,
Mathieu Nielsen,Brazil,br,
Matteo Nielsen,Switzerland,ch,
Nick Nielsen,Germany,de,
Nicklas Nielsen,Denmark,dk,1997-02-06
Rafael Nielsen,Netherlands,nl,
Romain Nielsen,Japan,jp,
Tom Nielsen,Spain,es,
Roy Nissany,Israel,il,
Colin Noble,United Kingdom,gb,
Scott Noble,United States,us,
Daniel Nogales,Spain,es,
Henry Cubides Olarte,Colombia,co,
Dennis Olsen,Norway,no,1996-04-14
Charles Oltramare,Switzerland,ch,
Alex Palou,Spain,es,
Steve Parrow,Germany,de,
Akshay Patel,United Kingdom,gb,
Lorenzo Patrese,Italy,it,
Riccardo Patrese,Italy,it,1954-04-17
Garnet Patterson,Australia,au,
Kobe Pauwels,Belgium,be,
Antoine Pavie,France,fr,
Edward Pearson,United Kingdom,gb,
Benjamin Pedersen,Denmark,dk,
Mikkel Gaarde Pedersen,Denmark,dk,
Mikkel Pedersen,Denmark,dk,
Griffin Peebles,Australia,au,
Riccardo Pera,Italy,it,
Alex Pereira,Italy,it,
Daniel Pereira,Japan,jp,
Dylan Pereira,Luxembourg,lu,1997-06-10
Julien Pereira,Canada,ca,
Luca Pereira,France,fr,
Robin Pereira,Finland,fi,
Sebastian Pereira,Spain,es,
David Perel,South Africa,za,
Franck Perera,France,fr,
François Perrodo,France,fr,
Jens Peters,Luxembourg,lu,
Alex Petit,Italy,it,
Daniel Petit,United Kingdom,gb,
Louis Petit,Portugal,pt,
Luca Petit,Austria,at,
Max Petit,Poland,pl,
Sebastian Petit,Australia,au,
Simon Petit,South Africa,za,
Giacomo Petrobelli,Italy,it,
Enzo Peugeot,France,fr,
Connor De Phillippi,United States,us,
Alessio Picariello,Belgium,be,
Doriane Pin,France,fr,2004-01-06
Nico Pino,Chile,cl,2004-09-21
Nicolás Pino,Chile,cl,
Michael Pitamber,South Africa,za,
Max Pluschkell,Germany,de,
Maxime Poulet,France,fr,
Théo Pourchaire,France,fr,
Esmee Powell,United Kingdom,gb,
Thomas Preining,Austria,at,
Sebastian Priaulx,United Kingdom,gb,
Pierre-Alexandre Provost,Luxembourg,lu,
Spencer Pumpelly,United States,us,
Colin Queen,United States,us,
Alex Quinn,United Kingdom,gb,2000-12-29
Mattéo Quintarelli,Italy,it,
Alexis Raber,France,fr,
Kevin Rabin,France,fr,
Alex Rackstraw,United Kingdom,gb,
Antti Rammo,Estonia,ee,
Miguel Ramos,Portugal,pt,
Naveen Rao,United States,us,
Saif Rashid,United Arab Emirates,ae,
René Rast,Germany,de,1986-10-26
Paul di Resta,United Kingdom,gb,1986-04-16
Bruno Ribeiro,Brazil,br,
Alex Riberas,Spain,es,1994-01-27
Ben Ricci,Canada,ca,
David Ricci,Italy,it,
Harry Ricci,Spain,es,
Lucas Ricci,France,fr,
Martin Ricci,Netherlands,nl,
Oliver Ricci,Oman,om,
Jonas Ried,Germany,de,
Lenny Ried,Germany,de,
Louis Ried,Germany,de,
Davide Rigon,Italy,it,1986-08-26
Valerio Rinicella,Italy,it,
Zacharie Robichon,Canada,ca,
Arnold Robin,France,fr,
Leo Robinson,United Kingdom,gb,
Mike Rockenfeller,Switzerland,ch,
Giorgio Roda,Italy,it,
Alvise Rodella,United Arab Emirates,ae,
James Roe,Ireland,ie,
Antoine Rogeon,France,fr,
Tom Van Rompuy,Belgium,be,
Finn Ross,United Kingdom,gb,
Andrea Rossi,Finland,fi,
Arthur Rossi,Belgium,be,
Jack Rossi,United States,us,
Marco Rossi,France,fr,
Mathieu Rossi,South Africa,za,
Rafael Rossi,Poland,pl,
Tom Rossi,Spain,es,
Valentino Rossi,Italy,it,1979-02-16
Louis Rousset,France,fr,
Alessio Rovera,Italy,it,1995-06-22
Fran Rueda,Spain,es,
Matej Ryba,Slovakia,sk,
Oscar Ryndziewicz,Poland,pl,
Philipp Sager,Austria,at,
Charles-Henri Samani,France,fr,
Manuel Espírito Santo,Portugal,pt,
Logan Sargeant,United States,us,2000-12-31
Thomas Sargent,United States,us,
Tom Sargent,Australia,au,
Marino Sato,Japan,jp,
Grégoire Saucy,Switzerland,ch,
Frederik Schandorff,Denmark,dk,
Claudio Schiavoni,Italy,it,
Fabian Schiller,Germany,de,
Clemens Schmid,Austria,at,
Ben Schmidt,Canada,ca,
Giorgio Schmidt,Finland,fi,
Lucas Schmidt,France,fr,
Nico Schmidt,Japan,jp,
Daniel Schneider,Brazil,br,
Mick Schumacher,Germany,de,1999-03-22
Morris Schuring,Netherlands,nl,
Hugo Schwarze,Germany,de,
Zack Scoular,United Kingdom,gb,
Michael Segre,Italy,it,
Francis Selldorff,United States,us,
Daniel Serra,Brazil,br,
Yasser Shahin,Australia,au,
Jean-Baptiste Simmenauer,France,fr,
Alexander Sims,United Kingdom,gb,1988-03-15
Alex Smith,Switzerland,ch,
Chris Smith,United States,us,
Julien Smith,Belgium,be,
Louis Smith,Germany,de,
Luca Smith,France,fr,
Max Smith,Netherlands,nl,
Robin Smith,Finland,fi,
Sebastian Smith,Spain,es,
Simon Smith,South Africa,za,
Maik van der Snel,Netherlands,nl,
Max van der Snel,Netherlands,nl,
Toby Sowery,United Kingdom,gb,
Louis Stern,France,fr,
Rory van der Steur,United States,us,
Casper Stevenson,United Kingdom,gb,
Victor Stevens,United Kingdom,gb,
Will Stevens,United Kingdom,gb,1991-06-28
Luca Stolz,Germany,de,1995-07-29
Joel Sturm,Germany,de,
James Sweetnam,Ireland,ie,
Grégory de Sybourg,Switzerland,ch,
Marco Sørensen,Denmark,dk,1990-09-06
Marco Sørensen,Denmark,dk,1990-09-06
Nick Tandy,United Kingdom,gb,1984-11-05
Jordan Taylor,United States,us,
Ricky Taylor,United States,us,
Aaron Telitz,United States,us,
Nicki Thiim,Denmark,dk,1989-04-17
Steven Thomas,United States,us,
Parker Thompson,Canada,ca,
Paul Thompson,Canada,ca,
Harry Tincknell,United Kingdom,gb,1991-10-29
Custodio Toledo,United States,us,
Onofrio Triarsi,United States,us,
Enzo Trulli,Italy,it,
Ben Tuck,United Kingdom,gb,
Alec Udell,United States,us,
Job van Uitert,Netherlands,nl,
Stoffel Vandoorne,Belgium,be,1992-03-26
Dries Vanthoor,Belgium,be,1998-04-20
Laurens Vanthoor,Belgium,be,1991-05-08
Nicolás Varrone,Argentina,ar,
Tristan Vautier,France,fr,1989-08-22
Matthieu Vaxiviere,France,fr,
Jean-Éric Vergne,France,fr,1990-04-25
Neil Verhagen,United States,us,
Richard Verschoor,Netherlands,nl,2000-12-16
Frédéric Vervisch,Belgium,be,
Frederik Vesti,Denmark,dk,2002-01-13
Antonio Vieira,Portugal,pt,
Jack Vos,Oman,om,
Matteo Vos,Italy,it,
Rafael Vos,Netherlands,nl,
Tom Vos,Spain,es,
Roman Vozniak,Ukraine,ua,
Nyck de Vries,Netherlands,nl,1995-02-06
Lilou Wadoux,France,fr,2001-04-10
Michael Wainwright,France,fr,
Jake Walker,United States,us,
Alex Ward,Switzerland,ch,
Chris Ward,United States,us,
Julien Ward,Belgium,be,
Luca Ward,Austria,at,
Max Ward,Poland,pl,
Russell Ward,United States,us,
Sebastian Ward,Australia,au,
Charles Weerts,Belgium,be,2001-03-01
Alex West,Sweden,se,
Alexander West,Sweden,se,
David Wilson,Italy,it,
Ethan Wilson,Portugal,pt,
Felix Wilson,South Africa,za,
Giorgio Wilson,Finland,fi,
Harry Wilson,Australia,au,
Lucas Wilson,Austria,at,
Martin Wilson,Poland,pl,
Nico Wilson,United Kingdom,gb,
Markus Winkelhock,Germany,de,1980-06-13
Marco Wittmann,Germany,de,
Terrence Woodward,United Kingdom,gb,
Marc Carol Ybarra,Spain,es,
Nick Yelloly,United Kingdom,gb,
Yifei Ye,China,cn,2000-06-16
Salih Yoluç,Turkey,tr,1985-08-22
Renger van der Zande,Netherlands,nl,
Jacek Zielonka,Poland,pl,
Al Faisal Al Zubair,Oman,om,
Jakub Śmiechowski,Poland,pl,
